year,mean,std_err,lower,upper
2013,0.84082,0.870135,-0.864645,2.546284
2014,-1.337625,0.761541,-2.830245,0.154996
2015,-0.649327,0.618175,-1.86095,0.562295